Nome,CEP,Latitude,Longitude
Jade Rezende,28460000,-21.418267775,-42.196422375
Melissa Cavalcanti,28230000,-21.466906369387754,-41.08184082040817
Antônio Martins,28180000,-21.490192704545453,-41.618410904545456
Erick Martins,28180000,-21.490192704545453,-41.618410904545456
Emanuella Mendes,28470000,-21.578335033333335,-42.23370496666667
Ravy da Cruz,28073507,-21.7146196,-41.3083912
Allana Novaes,28090580,-21.7161848,-41.2911561
Nathan Rocha,28090580,-21.7161848,-41.2911561
Alexandre Montenegro,28060560,-21.71919305,-41.34379225
Olívia Pastor,28070515,-21.7196521,-41.3260932
Stella Nunes,28057345,-21.7271319,-41.4041933
Sarah Mendes,28083101,-21.73672475,-41.3148944
Bernardo Castro,28083101,-21.73672475,-41.3148944
Isis Lopes,28070272,-21.7372616,-41.3272009
Enzo Campos,28070272,-21.7372616,-41.3272009
Raquel Lopes,28083000,-21.7389014,-41.3124306
Kevin Silva,28053090,-21.7393775,-41.3468365
Luiz Fernando Fernandes,28051030,-21.7401151,-41.3348209
Apollo Aparecida,28055180,-21.7440323,-41.359816
Heitor da Mota,28051070,-21.745201,-41.3347962
Carolina Cirino,28055500,-21.74554445,-41.3609742
Lucas Gabriel Fonseca,28055500,-21.74554445,-41.3609742
Mariana Sampaio,28051271,-21.749963875,-41.346675725
Paulo Aparecida,28051286,-21.7507871,-41.3372539
Enrico Pacheco,28051165,-21.750845266666666,-41.3391505
Isadora Cavalcanti,28035200,-21.75137595,-41.3326257
Maya Cunha,28035200,-21.75137595,-41.3326257
Ravi Pires,28035220,-21.7537949,-41.3334089
Luiz Felipe Fonseca,28035060,-21.753809,-41.3350629
Davi Lucas Mendes,28010220,-21.7560876,-41.3224595
Oliver Correia,28010040,-21.7561597,-41.32410423333333
Emanuella Novais,28035290,-21.7562581,-41.3317002
Luiz Gustavo da Luz,28035290,-21.7562581,-41.3317002
Cecília Ribeiro,28035025,-21.756533,-41.3393116
Brayan Camargo,28010970,-21.7567638,-41.3233338
Pietro Fonseca,28010970,-21.7567638,-41.3233338
Laura da Rosa,28030255,-21.7573573,-41.3432119
Ana Julia Rocha,28010230,-21.7577895,-41.3233521
Ana Beatriz Nogueira,28010562,-21.7578922,-41.319670475
Melina Brito,28035000,-21.7579554,-41.3333659
Gabrielly Ramos,28035301,-21.7588459,-41.3284089
Stella Nunes,28035010,-21.7594395,-41.3285856
Hellena Jesus,28010166,-21.76066,-41.3200158
Davi Pereira,28010080,-21.7608618,-41.3255987
Melissa Ribeiro,28010802,-21.7610573,-41.3171799
José Pedro Aragão,28013602,-21.7618006,-41.2897697
João Pedro da Cunha,28030350,-21.7622274,-41.3572107
Noah Porto,28025497,-21.762238166666666,-41.328592666666665
Ravy Viana,28025497,-21.762238166666666,-41.328592666666665
Isis Câmara,28010077,-21.76279035,-41.32653775
Liz Marques,28030490,-21.7634087,-41.33373593333333
Nicole Peixoto,28013266,-21.7638966,-41.31684345
Ísis Azevedo,28030395,-21.764408,-41.3448405
Nina Camargo,28013470,-21.764528725,-41.315454225
Sophie Barros,28026495,-21.7646126,-41.3287363
Ayla Nunes,28026495,-21.7646126,-41.3287363
Lavínia Pacheco,28030035,-21.765863833333334,-41.3362708
Joaquim Gonçalves,28013100,-21.7663235,-41.3166336
Benício Cunha,28013100,-21.7663235,-41.3166336
André da Mota,28013100,-21.7663235,-41.3166336
Igor Nunes,28013140,-21.7698441,-41.314117
Anthony Vasconcelos,28020025,-21.770447485714286,-41.27252544285714
Luiz Miguel Garcia,28020025,-21.770447485714286,-41.27252544285714
Lucca Teixeira,28020257,-21.7778838,-41.3057338
Caleb da Paz,28022041,-21.7781859,-41.3050424
Isabela Viana,28020286,-21.78025805,-41.30636915
Lavínia Vieira,28010000,-21.787977075,-41.27984501875
Maria Vargas,28021565,-21.7956228,-41.2861305
João Guilherme Duarte,28021001,-21.7965038,-41.2921535
Samuel Casa Grande,28545000,-21.9870251125,-42.2545116375
Heitor Cassiano,28735000,-22.10237955,-41.3058547
Maria Alice da Rosa,25805290,-22.1096777,-43.2108137
Isis Pacheco,27600000,-22.2415567875,-43.6985382125
Emanuel das Neves,28633010,-22.2605455,-42.5320188
Maria Laura Camargo,28630310,-22.273808,-42.5532644
Alana Almeida,25995290,-22.2755699,-42.7958942
Calebe Pacheco,28625500,-22.2808387,-42.5370656
Emilly Cavalcanti,28610160,-22.2820916,-42.531691
Carolina Dias,28610190,-22.28218895,-42.53077435
Aylla Fernandes,28610190,-22.28218895,-42.53077435
Carlos Eduardo Novaes,28610190,-22.28218895,-42.53077435
Benjamin Andrade,28610050,-22.28335315,-42.53268695
Lorenzo Novaes,28625530,-22.2843237,-42.5400056
Marcos Vinicius da Rocha,28610010,-22.2844234,-42.5331208
Ravi Lucca Martins,25750175,-22.2881118,-43.1206401
Isabelly Pinto,28625140,-22.2888357,-42.5358148
Levi Cirino,28614280,-22.2890007,-42.5131392
Nathan Souza,28623000,-22.2913539,-42.5366508
Davi Barbosa,28613690,-22.2952057,-42.5302975
Mathias Rezende,28621350,-22.32183037142857,-42.548442228571425
Luna Novais,25755352,-22.3270194,-43.1701429
Dante Fernandes,27963520,-22.3421437,-41.7614532
Maria Eduarda Costela,27963055,-22.3447894,-41.754867
Stella Pimenta,27948000,-22.345983033333333,-41.80100746666667
Marina Mendonça,27948970,-22.3597822,-41.801747
Kamilly Vargas,27910190,-22.371648966666665,-41.78347166666667
Rafaela Nogueira,27910020,-22.375011,-41.779694
Renan da Paz,27913110,-22.37584,-41.776859
Mathias Moura,27916020,-22.3786099,-41.777401
Raul Moraes,27944741,-22.38012,-41.7975365
Carolina da Cruz,25977095,-22.381132,-42.9265731
Davi Luiz das Neves,27940290,-22.38797425,-41.781296975
Isaque Pires,27937200,-22.3979125,-41.7919561
Benjamim Gomes,27930805,-22.4000773,-41.82507825
Luiz Otávio Farias,27930120,-22.402067,-41.816356
Luana Silveira,27930045,-22.4031414,-41.8131584
Henrique Costela,27930045,-22.4031414,-41.8131584
Ester das Neves,27920240,-22.40399725,-41.79701195
Théo Cirino,27920230,-22.404021057142856,-41.797627428571424
Kaique da Rosa,27925490,-22.4079179,-41.8408868
Luiz Henrique Fogaça,25963082,-22.4186035,-42.9742137
Matteo Melo,25730225,-22.42285,-43.1310201
Isis Costela,25961110,-22.4344073,-42.97504815
Gael Santos,25961110,-22.4344073,-42.97504815
Ryan Peixoto,25720112,-22.438959,-43.1385489
Ágatha Moraes,25720112,-22.438959,-43.1385489
Ana Clara da Costa,25730730,-22.4414722,-43.1383056
Melissa da Cunha,25730730,-22.4414722,-43.1383056
Allana Pires,25730730,-22.4414722,-43.1383056
Vitor Gabriel Martins,25730050,-22.4467094,-43.1335341
Ester Gonçalves,27535320,-22.460577,-44.4387097
Vinicius Sousa,26900000,-22.4635649,-43.4791705
Maitê Marques,27130430,-22.4653272,-43.8215615
Maria Luiza Sales,27541140,-22.4655026,-44.4447004
Julia Moreira,27541345,-22.4661036,-44.4376981
Ravi Lucca Novaes,25715060,-22.4756897,-43.1691784
Ana Clara Sales,27521700,-22.4862048,-44.4956889
Isabelly Sá,27285412,-22.4900964,-44.092748
Júlia da Rosa,27150160,-22.49335215,-43.83221745
Mariane Castro,25665442,-22.4966045,-43.2212382
Isis Novaes,27277080,-22.4985071,-44.1251866
Igor Moreira,27277130,-22.4994878,-44.12284
Rhavi Moraes,27277130,-22.4994878,-44.12284
Ravi Sampaio,27277130,-22.4994878,-44.12284
Bruno Macedo,27283210,-22.4995972,-44.0902352
Otávio Pires,27277330,-22.500582925,-44.124339975
Lucca Peixoto,27212080,-22.5011153,-44.07369026666667
Luiz Otávio Dias,27212080,-22.5011153,-44.07369026666667
Renan Castro,27275262,-22.5015374,-44.1157569
Davi Lucca da Mata,27275520,-22.50166795,-44.1223359
Enzo Rios,27275420,-22.5054876,-44.1214924
Maria Flor Andrade,27275420,-22.5054876,-44.1214924
Emanuel da Mata,25685300,-22.5056298,-43.1790736
João Vitor Rios,25685210,-22.506270083333334,-43.184790516666666
Luana Silveira,27213240,-22.5063715,-44.0913372
Davi Miguel Ramos,25615002,-22.5067842,-43.164916616666666
Guilherme Melo,25685060,-22.506911725,-43.18077145
Valentina Cavalcante,25660085,-22.5071276,-43.1929459
Lorena Monteiro,25660085,-22.5071276,-43.1929459
Lorenzo Correia,25675543,-22.5074326,-43.1998873
Beatriz da Paz,27213080,-22.5075854,-44.08828376666667
Gustavo Pastor,25680003,-22.5077298,-43.1919461
Melina Teixeira,25610320,-22.5081242,-43.1752274
Marcela Porto,25684900,-22.5082973,-43.1935056
Vitor Gabriel Fonseca,25685040,-22.5083708,-43.184089166666666
Yasmin Lima,25610010,-22.5084702,-43.1742723
Ravi Lucca da Cunha,27213250,-22.5099052,-44.0929518
Mariana Costa,25685050,-22.510292375,-43.182744325
João Vitor Moura,27251260,-22.5105627,-44.08243095
Luiz Felipe da Paz,27251260,-22.5105627,-44.08243095
João Vitor Abreu,25725595,-22.5107822,-43.2336422
Allana Oliveira,27251410,-22.5108721,-44.0808167
Isabelly Azevedo,27251220,-22.5112082,-44.0802632
Kamilly Abreu,27253410,-22.5119192,-44.0890876
Brenda Moraes,27253450,-22.5125086,-44.0920029
Marcelo Teixeira,27253220,-22.5130763,-44.09186865
Leandro Abreu,27253280,-22.5131288,-44.091382466666666
Emanuelly Aragão,27255150,-22.5143051,-44.0979138
Dom da Cunha,25625040,-22.5149041,-43.1719301
Luana Vargas,27253560,-22.51543946,-44.08529752
Ester Pimenta,27255250,-22.5158719,-44.1010556
Alexia da Mota,27253670,-22.51608933636364,-44.08500946363636
Larissa Martins,27253670,-22.51608933636364,-44.08500946363636
Mateus Campos,27251252,-22.5161922,-44.0841649
Caleb Cassiano,27251252,-22.5161922,-44.0841649
Ravi Lucca Azevedo,27260330,-22.51664405,-44.1033266
Ana Cecília da Mata,27253510,-22.516719919512195,-44.08473842682927
Natália Duarte,27253510,-22.516719919512195,-44.08473842682927
Clara Pimenta,27253660,-22.516758080000002,-44.08525437
Rafaela Araújo,25655011,-22.5168654,-43.1884651
Eloá Vieira,27258123,-22.517122,-44.1058385
Luiz Henrique da Paz,27258123,-22.517122,-44.1058385
Isabella Montenegro,27260180,-22.51719025,-44.1066425
Olivia da Costa,27279510,-22.517402,-44.1071322
João Lucas da Paz,25655374,-22.5187518,-43.1929395125
Cauê da Rosa,25655122,-22.51944534117647,-43.19036510588235
Anthony Andrade,27260250,-22.5196853,-44.1065438
Benício Porto,25655151,-22.52278243846154,-43.190520507692305
Melissa Cavalcante,25640410,-22.5232786,-43.1869862
Lorenzo Nunes,25640036,-22.5235898,-43.18305545
Apollo Rios,25630025,-22.5252083,-43.1596372
Luísa Fernandes,27265602,-22.5256217,-44.1319187
Valentim Almeida,25635030,-22.5258085,-43.1721298
Davi Miguel Freitas,25655171,-22.526442,-43.19436365
Bárbara Melo,27274200,-22.5265467,-44.1371013
Luísa Castro,25635130,-22.5277703,-43.176749475
Sofia Rios,25635070,-22.5281755,-43.1758926
Ana Laura Moraes,25635070,-22.5281755,-43.1758926
Arthur Almeida,25635070,-22.5281755,-43.1758926
Theo Cunha,25635090,-22.5289474,-43.1730454
Ágatha Pacheco,25650061,-22.5289909,-43.2039109
Lucas Martins,25638900,-22.5294517,-43.171771
Manuela Freitas,25635210,-22.5299275,-43.1752776
Mariana Novaes,25650340,-22.532083666666665,-43.2161798
Davi Lucas da Mota,25645370,-22.5365706,-43.204897
Ian Cavalcante,25645100,-22.537511,-43.1953825
Dante Moura,27345030,-22.53956665,-44.17488175
Maria Júlia Brito,27323240,-22.5401056,-44.1767033
Brayan Souza,25645243,-22.5491357,-43.217011
Otto Teixeira,27258000,-22.56435186,-44.07573564
Isaac Novais,25265970,-22.5747601,-43.3623094
Lunna Pinto,27257505,-22.5953881,-44.0799697
Mathias Fonseca,25917280,-22.5960493,-43.12529685
Davi Miguel Fogaça,27257810,-22.6086114,-44.0830442
Isadora Martins,25272660,-22.6177111,-43.208741
Isabelly Aparecida,25900106,-22.654594666666664,-43.04053653333333
Joana Nascimento,26053115,-22.6571831,-43.4956893
Francisco Cavalcanti,26053075,-22.6589968,-43.4880307
Lucca Correia,26053075,-22.6590617,-43.4879567
Yuri da Paz,26053591,-22.6729632,-43.4604641
Stella Casa Grande,25213020,-22.675037,-43.2831696
Anthony Gabriel Ramos,25211000,-22.6844951,-43.3554818
Henry Gabriel Correia,25220720,-22.6877648,-43.2597686
Raquel Fonseca,23892270,-22.69950365,-43.6667142
Lucas Gabriel Macedo,26381408,-22.69995395,-43.55743005
Lara Rocha,25235000,-22.705531,-43.3119335
Ana Carvalho,26383070,-22.7065525,-43.5587796
Isabelly da Luz,26070488,-22.7081069,-43.4299516
Maria Sophia Novaes,23893707,-22.7105028,-43.7322589
Yuri Castro,26310200,-22.7149056,-43.5454395
Henry Pimenta,26383080,-22.7154746,-43.5570788
Maria Cecília Lima,26325380,-22.7169532,-43.5553433
Hadassa da Rocha,28800000,-22.71828413,-42.666750405
Murilo Novais,26041270,-22.7189902,-43.46161315
Caleb Silva,26033300,-22.7192937,-43.46299683333333
Thales Duarte,26033330,-22.71954335,-43.46493205
Laura Casa Grande,24802365,-22.727328007692307,-42.830219
Vinicius Rodrigues,26031512,-22.7290069,-43.4821357
Maria Clara Oliveira,26032260,-22.7331471,-43.4599666
Lucas Gabriel Nogueira,26031511,-22.7343807,-43.484078966666665
Leandro da Conceição,23894714,-22.7364902,-43.69952985
Breno Monteiro,23894714,-22.7364902,-43.69952985
Luiz Gustavo Aragão,26031440,-22.737224,-43.4819123
Aurora Marques,26115085,-22.7390473,-43.3881217
Léo Fonseca,26115270,-22.73969,-43.3886251
Caleb Vargas,26276454,-22.7428893,-43.4961002
Thomas Cunha,26276080,-22.7433664,-43.4975702
Henry Gabriel Rocha,26280376,-22.743591719999998,-43.48688206
Brenda Casa Grande,26377375,-22.7455149,-43.5524209
Erick Gonçalves,26277350,-22.745787297058822,-43.48885966176471
Kaique Montenegro,26277230,-22.745837583333333,-43.49242565
Henry Costa,26277130,-22.74590993,-43.49125093
Isis Dias,26277250,-22.746379377777778,-43.4927067
Gustavo Henrique da Costa,24806055,-22.7469449,-42.8113952
Matteo Mendes,26275175,-22.74760114736842,-43.49304299473685
Manuela Sampaio,26277100,-22.74859515625,-43.492503996875
Catarina Cardoso,26013220,-22.74861355,-43.44059965
Mariana Garcia,26215150,-22.7487074,-43.449557
Davi Carvalho,26215150,-22.7487074,-43.449557
Luiz Miguel Garcia,25040004,-22.7491982,-43.2999451
Benicio da Conceição,26210302,-22.751978,-43.4470931
Alana Campos,20397110,-22.752082,-43.1062046
Sophie Pires,26210360,-22.75290675,-43.4678038
Thomas Nogueira,26263150,-22.75316035,-43.475425725
Ryan Barbosa,26263150,-22.75316035,-43.475425725
Heloísa Barros,26210060,-22.758538225,-43.451824775
Yago da Cruz,26193000,-22.7586896,-43.3623064
Benjamin Leão,26210012,-22.7587547,-43.4485744
Alana Costa,26255140,-22.7588886,-43.45517396
Camila Castro,26255140,-22.7588886,-43.45517396
Ian da Rocha,26020031,-22.7602978,-43.4475316
Zoe Melo,26010422,-22.76087852,-43.418112660000006
Ana Beatriz Machado,26010422,-22.76087852,-43.418112660000006
Larissa Mendes,26216032,-22.7612627,-43.4473756
Nicolas da Rocha,20397140,-22.7613932,-43.1085571
Gael Rocha,20397140,-22.7613932,-43.1085571
Alexandre Andrade,26220060,-22.7615183,-43.4459719
André Correia,25035755,-22.76257025,-43.3257386
Ravy Nogueira,26130001,-22.7628744,-43.40191415
Marina Jesus,26130001,-22.7628744,-43.40191415
Cauê Macedo,26130000,-22.76358162857143,-43.40171122857143
Isabel Mendes,26130000,-22.76358162857143,-43.40171122857143
Ravi Lucca Cavalcanti,26113340,-22.7640713,-43.399816
Nicolas Leão,26113340,-22.7640713,-43.399816
Cecília Moraes,23891450,-22.7661909,-43.6777912
Arthur Pires,25570162,-22.7682365,-43.3598642
Natália Teixeira,25560472,-22.7695125,-43.3655813
Catarina Vasconcelos,26570441,-22.7698385,-43.4266801
Ana Laura das Neves,26562330,-22.7706717,-43.4201125
Maria Cecília Fernandes,25065240,-22.7713239,-43.2908691
Paulo Fonseca,25576071,-22.7765261,-43.3470676
João Gabriel Fogaça,25576071,-22.7765261,-43.3470676
Samuel da Cruz,25576071,-22.7765261,-43.3470676
Julia Farias,25576260,-22.7775746,-43.3551147
Alexandre da Costa,26291389,-22.778553,-43.5454507
João Lucas Souza,25550222,-22.7799427,-43.3851836
Pedro Nunes,25070140,-22.7802365,-43.3040787
Marcos Vinicius Cassiano,25550630,-22.7803553,-43.3849714
Maria Flor Moreira,25580000,-22.7805627,-43.3505541
Henry Brito,25070097,-22.7813001,-43.3044236
Guilherme Lopes,25070097,-22.7813001,-43.3044236
Kevin Teixeira,25025330,-22.7825382,-43.3195799
Renan Pimenta,24859094,-22.7833904,-42.9315328
Olivia Sales,26551240,-22.783499533333334,-43.4275361
Juan Novais,25020210,-22.7840997,-43.3137461
Hadassa Almeida,26275580,-22.7848354,-43.5427409
Ana Cecília da Cunha,25025115,-22.786051,-43.3232839
Eduardo Abreu,25070420,-22.7863154,-43.3056586
Lunna Ferreira,21910040,-22.787745266666665,-43.186238833333334
Yan Ferreira,25015130,-22.7891146,-43.3212456
Davi Miguel Montenegro,25015130,-22.7891146,-43.3212456
Brenda Rodrigues,21911310,-22.79061245,-43.17875405
Luan da Costa,21911310,-22.79061245,-43.17875405
Calebe da Cunha,25585270,-22.7919393,-43.33365
Ravi Lucca Cunha,21910240,-22.794357614285712,-43.19353485714286
Alana Machado,21920440,-22.79530688181818,-43.19976425454546
Maya Campos,25535140,-22.7977545,-43.4002253
Luan Silva,25525030,-22.7999179,-43.37323
Cecília da Rosa,25525660,-22.8006638,-43.3852599
Asafe Camargo,24466460,-22.8023965,-43.0488172
Maria Júlia Farias,24466460,-22.8023965,-43.0488172
Isabelly Aragão,21931582,-22.8046617,-43.2106979
Eloá Aragão,21941352,-22.8052302,-43.2120567
Maria Clara Jesus,21931370,-22.8059758,-43.21031245
Joana Caldeira,21520310,-22.8062086,-43.3669532
Diego Lopes,24725270,-22.8070419,-42.9694778
Mateus Aragão,24457010,-22.8083669,-43.0167876
Vicente Costela,24456422,-22.8087459,-43.0162373
Cecília Carvalho,21941050,-22.8095474,-43.2115952
Ana Julia Casa Grande,24466220,-22.810101,-43.0640397
Pedro Lucas da Costa,24445230,-22.8116192,-43.0304897
Ana Lívia Caldeira,24723009,-22.8116926,-42.9488398
Maria Isis da Mota,21011000,-22.8118406,-43.2734767
Stella da Paz,26545770,-22.81300415,-43.41250925
Bruno Abreu,24445686,-22.813659,-43.0406424
Marcela Fonseca,24725226,-22.814519,-42.9768845
Matteo Azevedo,24725226,-22.814519,-42.9768845
Lara Farias,24445360,-22.8153185,-43.0218612
Rodrigo da Mata,24466315,-22.81599375,-43.06916465
Giovanna Duarte,26297054,-22.8161226,-43.59577445
Bento Albuquerque,21010290,-22.8168225,-43.2903106
Mariah das Neves,21250372,-22.8168478,-43.3021209
Luísa Machado,24465531,-22.8180144,-43.0572842
Gustavo Garcia,21940006,-22.8180947,-43.2003458
Isaque Montenegro,23898225,-22.8182324,-43.6328191
Sophie da Mata,24710785,-22.8183877,-43.002612
Ana Vitória da Rosa,24452005,-22.8187898,-43.0141843
Joaquim Câmara,24452005,-22.8187898,-43.0141843
Maria Liz Moraes,24445000,-22.818946716666666,-43.02901261666667
Luiz Henrique Rezende,21532150,-22.8190032,-43.3580676
Zoe Pinto,24465355,-22.8205388,-43.0582915
Murilo Abreu,24710430,-22.82241825,-43.00157465
Maria Porto,21250520,-22.8226723,-43.3043614
João Felipe Rezende,24710635,-22.8230422,-43.0000963
João Pedro Sampaio,24710310,-22.8231114,-43.001525
Leonardo da Mota,24426270,-22.8231961,-43.0623951
Giovanna da Cunha,24731020,-22.82321495,-42.9841084
Maya Rodrigues,21230175,-22.824518753846153,-43.327803142307694
Laís Vargas,24451715,-22.8253046,-43.015913
Henry Vieira,24431360,-22.8253047,-43.0847096
Yago Rezende,24431360,-22.8253047,-43.0847096
Nicole Silva,24430710,-22.8256263,-43.0834485
José Pedro Cavalcanti,24435740,-22.8261521,-43.0715851
Otávio Duarte,24731071,-22.8262666,-42.9859767
Luiz Gustavo Fogaça,21530020,-22.82659145,-43.35636815
José Sá,21020125,-22.828193,-43.2762954
Ágatha Borges,24435500,-22.8284885,-43.0692066
Ana Gomes,24435490,-22.8285783,-43.070008275
Marina Moura,21012350,-22.8293171,-43.28297
Lucas Almeida,24435400,-22.8305411,-43.0697063
Guilherme Melo,24435196,-22.83099,-43.0697679
Théo Costa,24421300,-22.831814,-43.0381502
Maria Helena Azevedo,21620510,-22.8331105,-43.4069426
Maria Luísa Porto,21620190,-22.8337868,-43.4022947
Isabela Moura,24426470,-22.834089566666666,-43.08093103333333
Alice Souza,21235602,-22.8341045,-43.3184063
Henry Gabriel Fonseca,21515090,-22.8342449,-43.3647497
Dom Lopes,21020130,-22.8350996,-43.28685095
Marina Guerra,21020130,-22.8350996,-43.28685095
João Gabriel da Luz,24420006,-22.8355488,-43.0566181
Amanda Costa,21660310,-22.8362925,-43.3748395
Luiz Otávio Camargo,21625540,-22.83686985,-43.39724645
Maria Sophia Guerra,21020070,-22.8369791,-43.2777753
Josué Costa,24744680,-22.8388475,-43.0182632
Fernanda Carvalho,21210750,-22.8394455,-43.3017047
José Miguel da Rosa,21660020,-22.8398046,-43.378469
Erick Azevedo,21210560,-22.8399463,-43.313707
Erick Pacheco,21221380,-22.8401015,-43.310798
Hadassa Pacheco,21640010,-22.8403788,-43.3984286
Laura Ramos,21220490,-22.8420724,-43.3202016
Lavínia Silveira,21854010,-22.842448133333335,-43.48446976666667
Liam Sales,21210130,-22.8427464,-43.3039968
Ana Freitas,24412310,-22.8432603,-43.0733435
Eduardo Fonseca,21021523,-22.8432876,-43.2687157
Maria Cecília Camargo,21021380,-22.8436734,-43.2663994
Bento Peixoto,21070680,-22.8444976,-43.2694561
Levi Novaes,24412000,-22.8447072,-43.0733797
Sofia Mendonça,21545230,-22.8449952,-43.3427595
Vitor Gabriel Azevedo,21545230,-22.8449952,-43.3427595
Liam Vieira,24744520,-22.8451064,-43.0150374
Manuella da Rocha,21866300,-22.8452191,-43.469571
Esther da Costa,21866300,-22.8452191,-43.469571
Ágatha Castro,21866300,-22.8452191,-43.469571
Luiz Henrique da Conceição,24426230,-22.8453443,-43.0931473
Vitória Cavalcante,21675310,-22.8456711,-43.3742454
Ian Melo,21221400,-22.84576325,-43.3112433
Daniel Azevedo,21031754,-22.847753,-43.2598767
Luana Sousa,21555520,-22.8494848,-43.3594952
Mariane Aragão,21044075,-22.8513522,-43.2423001
Helena Moura,24425470,-22.8527489,-43.092229
Rael Cavalcanti,21210000,-22.8540111,-43.3105822
Elisa Macedo,24425005,-22.8543471,-43.09835195
Maria Ribeiro,24425560,-22.854475,-43.0855209
Sophie Borges,21852050,-22.8557402,-43.4888733
Heloisa Freitas,21060120,-22.8562513,-43.2627356
Renan Freitas,21060120,-22.8562513,-43.2627356
Fernando da Luz,21555100,-22.8582684,-43.3602262
Maria Fernanda Castro,21555100,-22.8582684,-43.3602262
Stephany Dias,21725110,-22.85985215,-43.44346505
Luana Porto,21725110,-22.85985215,-43.44346505
João Gabriel Sousa,21550450,-22.8599442,-43.35525475
João Nunes,24750780,-22.8600037,-43.03213013333333
Juan Martins,24750402,-22.8601969,-43.03331205
Daniela Montenegro,24110650,-22.8615591,-43.09153706666667
Davi Nascimento,21550520,-22.8616341,-43.3633948
Pedro Cavalcante,24110350,-22.8620365,-43.0922376
Luiz Otávio Borges,24110000,-22.8620439,-43.0921693
Ravi Lucca Sampaio,21720161,-22.8621424,-43.4503566
Alexia Moura,21852582,-22.8624035,-43.4884555
Ana Laura Brito,28922000,-22.8624607,-42.0343982
Cauã Alves,24110491,-22.8626286,-43.0868125
Arthur Gabriel Lopes,24410000,-22.8626936,-43.0862962
José Miguel Pinto,24110305,-22.8626996,-43.0982554
Alícia Monteiro,21331260,-22.863124966666664,-43.3670214
Ana Lívia Pires,21331260,-22.863124966666664,-43.3670214
Luan Moraes,21331260,-22.863124966666664,-43.3670214
Paulo Gonçalves,24410580,-22.8640585,-43.0675966
Rebeca Pires,21060505,-22.8652367,-43.2567056
Manuela Montenegro,23090045,-22.865314433333335,-43.5425814
Clara Borges,21331250,-22.8656724,-43.3631982
Ravi Lucca Pimenta,21331250,-22.8656724,-43.3631982
Arthur Novaes,24050350,-22.8664572,-43.116524
Maria Eduarda Albuquerque,24110250,-22.8665853,-43.1007804
Maria Flor Barbosa,20765171,-22.8668377,-43.2960447
Elisa Camargo,23045280,-22.8669987,-43.2691777
Sabrina Abreu,24130678,-22.86850195,-43.06947266666667
Lívia Farias,24130678,-22.86850195,-43.06947266666667
Heloisa Macedo,24110540,-22.8686162,-43.0953894
Bento Cassiano,28922155,-22.8687227,-42.0033231
Thomas Barros,21331240,-22.8687613,-43.3624281
Ravi Machado,24140150,-22.8689699,-43.0693208
Theodoro Rodrigues,21340021,-22.869097533333335,-43.35097163333333
Luara da Rocha,21040361,-22.8694772,-43.2445949
Eduardo Siqueira,21351110,-22.87137285,-43.34349903333333
Melissa Barros,21351100,-22.8716119,-43.3430168
Ana Laura Porto,21061310,-22.8724099,-43.2782257
Alícia Fonseca,21710400,-22.8726116,-43.4170034
Davi Miguel Montenegro,21710400,-22.8726116,-43.4170034
Laís Moura,23087286,-22.872945366666666,-43.55240333333333
Vinícius Cassiano,23076460,-22.8736643,-43.5752096
Helena Cunha,21351040,-22.8737799,-43.3395699
Oliver Pastor,21351040,-22.8737799,-43.3395699
Luiz Miguel Correia,28911320,-22.874569,-42.03547055
Heitor Almeida,24110075,-22.8747295,-43.109385
Caio Cavalcanti,23575450,-22.8748562,-43.6589141
Kaique Borges,21840440,-22.8752578,-43.4566788
João Fogaça,23095095,-22.8752944,-43.5606675
Ryan Montenegro,28906200,-22.8754854,-42.0125401
Breno Cirino,28906200,-22.8754854,-42.0125401
Maya Cassiano,21830006,-22.8766789,-43.4731294
Kamilly Garcia,28906170,-22.8776472,-42.0138772
Alexia Carvalho,24756280,-22.878378,-43.0256418
José Lima,21710231,-22.8784379,-43.4280278
Julia Sales,24130088,-22.8784872,-43.1006855
Kamilly Cavalcanti,21381350,-22.8787626,-43.3168275
Breno Câmara,21381350,-22.8787626,-43.3168275
Vitor Hugo Azevedo,21040360,-22.8790363,-43.2491583
Juan Machado,24130150,-22.8805105,-43.0961515
Emanuel Montenegro,21350031,-22.8805322,-43.3262628
Davi Lucas Aragão,21810122,-22.8810317,-43.4546479
Ágatha Cassiano,24120000,-22.8810998,-43.0983024
Gustavo Henrique da Cunha,20760230,-22.88113672857143,-43.2879105
Cauê Pires,24141330,-22.88181275,-43.0518319
Hellena Farias,24120250,-22.88194415,-43.0885333
Manuella Almeida,20771005,-22.88213745,-43.2914927
Maysa Jesus,24141015,-22.8822551,-43.0763981
Matheus Cunha,20785510,-22.88247595,-43.2623478
Miguel da Paz,20785500,-22.88254245,-43.2614488
Heloisa Rios,20751295,-22.8826063,-43.3060899
Clara Rios,20751295,-22.8826063,-43.3060899
Zoe Sousa,24120210,-22.882654340000002,-43.09408546
Isabel Sales,20785490,-22.8829183,-43.2601994
Kaique da Cunha,20785480,-22.8830641,-43.2626737
Gabriela das Neves,20785480,-22.8830641,-43.2626737
Diogo Pereira,23010185,-22.8833539,-43.5177623
Antônio Borges,20751200,-22.8837222,-43.306985
Camila Sampaio,23068180,-22.8840716,-43.6035554
Ana Carolina Ferreira,21311050,-22.8841335,-43.3318886
Isaque Sousa,23087285,-22.8844732,-43.5566778
Gustavo Viana,23087285,-22.8844732,-43.5566778
Carolina Pacheco,23066070,-22.8858923,-43.6397183
Leandro Cassiano,24753280,-22.8860789,-42.9883079
Maria Júlia Moraes,23066540,-22.8861585,-43.60162915
Benicio Pimenta,20911973,-22.8863149,-43.2475656
Alexandre Marques,24140370,-22.8865935,-43.0666848
Hellena Araújo,21825060,-22.8866196,-43.472228
Clara Dias,21825060,-22.8866196,-43.472228
Bernardo Cirino,20931670,-22.88810522,-43.2180264
Maria Julia da Rocha,28905190,-22.8882364,-42.0339427
Ravi Campos,23070400,-22.8886382,-43.5764009
Luan Martins,20775000,-22.8893393,-43.2764825
Ana Julia Guerra,23073750,-22.8894358,-43.5946927
Sophie Pereira,24030076,-22.8896312,-43.1224526
Kaique Gonçalves,24030211,-22.8896451,-43.1146744
Laís Fernandes,24320000,-22.890173,-43.0243069
Maysa Novais,20930501,-22.890583,-43.2380721
Ana Julia Correia,24020002,-22.8915168,-43.1235178
Alana Ferreira,28909540,-22.8930177,-42.0412757
Ravy Correia,23013440,-22.8930412,-43.5373957
Juan Pimenta,24020071,-22.8933306,-43.121057
Caio Marques,24020071,-22.8933306,-43.121057
Eduardo da Luz,24020071,-22.8933306,-43.121057
Esther Araújo,24020071,-22.8933306,-43.121057
Arthur Rocha,24030106,-22.893861875,-43.120971875
Nicole Lima,24030106,-22.893861875,-43.120971875
Milena Nunes,24030128,-22.89396437142857,-43.119661071428574
Joana Aragão,20911270,-22.8939772,-43.2436363
Mariana Moraes,20911270,-22.8939772,-43.2436363
Sarah Gomes,20081262,-22.8940683,-43.1794045
Luísa Ramos,23063214,-22.8941019,-43.59565153333333
Vinícius Pacheco,20780200,-22.89478525,-43.26937725
Giovanna Dias,24020105,-22.8950913,-43.1213804
Alexandre Fogaça,24033900,-22.8956109,-43.1118184
Lorenzo Oliveira,21321620,-22.8963453,-43.355448
Gabriela Novaes,21320020,-22.8965592,-43.3484089
Thiago Moura,20975000,-22.896772,-43.2466065
Davi Araújo,24210050,-22.8975039,-43.1206646
Maria Liz Silva,20090000,-22.8976133,-43.1806336
Jade Pimenta,24240660,-22.898354975,-43.097949425
Erick Pimenta,24240660,-22.898354975,-43.097949425
Alana Vargas,20090020,-22.8983713,-43.1800346
Amanda Siqueira,24020006,-22.8983996,-43.1282359
Benjamim Nunes,20960150,-22.8986269,-43.2546225
Otávio Albuquerque,20960150,-22.8986269,-43.2546225
Olivia Teixeira,24220400,-22.8987087,-43.1064229
Isabelly Nunes,20735040,-22.8991805,-43.281794
Ana Júlia Rodrigues,20735040,-22.8991805,-43.281794
Natália Silva,24210150,-22.899192114285714,-43.12952701428571
Arthur Gabriel Borges,20081190,-22.8995378,-43.1828148
Heloisa Sousa,24210201,-22.899687,-43.1348031
Sofia Almeida,24230150,-22.900272083333334,-43.10931926666667
Maria Eduarda Moura,22733001,-22.90041,-43.354356
Lavínia da Rosa,20780000,-22.9005156,-43.2757359
Alexandre Barbosa,24210380,-22.9008511,-43.1331244
Emanuel Dias,24240550,-22.90106035,-43.08392605
Arthur Gabriel Borges,24315000,-22.9011168,-43.0901442
Paulo Almeida,20040020,-22.9011457,-43.1769434
Diogo Nunes,24220260,-22.9011917,-43.11081388
Diego Monteiro,24110206,-22.9012096,-43.1084119
Leonardo da Paz,20940260,-22.9012611,-43.2191407
Milena Machado,20730460,-22.9013108,-43.3011782
Evelyn Freitas,24240225,-22.901353,-43.0982266
Yuri Pimenta,24240225,-22.901353,-43.0982266
Joaquim Melo,24240225,-22.901353,-43.0982266
Heloísa Gomes,24220320,-22.90137625,-43.1055876
Sabrina Albuquerque,24220020,-22.901890041666665,-43.112274891666665
Alana da Mata,24220331,-22.9020736,-43.1032543
Ayla Câmara,23050360,-22.9022298,-43.5583398
Cecília Cunha,24315375,-22.9023887,-43.0636066
Nathan Araújo,24315375,-22.9023887,-43.0636066
Ana Júlia Farias,23052090,-22.9026393,-43.5542513
Murilo Lopes,20041002,-22.9028502,-43.1780312
Zoe Abreu,20010000,-22.902914733333333,-43.17557306666667
Samuel Abreu,20070030,-22.9030957,-43.1791036
Pietra Cirino,24210480,-22.903274416666665,-43.12420615
Valentim Pires,24230060,-22.903275666666666,-43.11461066666667
Isis Gonçalves,24315190,-22.903315,-43.0756862
Leonardo Vasconcelos,20040030,-22.903323366666665,-43.17777275
Ana Vitória Camargo,20725001,-22.9034589,-43.2707632
João Pedro Cassiano,20725001,-22.9034589,-43.2707632
Mariane Marques,20010010,-22.90349892727273,-43.17431348181818
Jade Leão,24210470,-22.903579214285713,-43.1238978
Caio Teixeira,24210271,-22.90385915,-43.12863245
Ana Liz Aragão,24220370,-22.9039721,-43.101947375
Nicole Azevedo,24230061,-22.90411585,-43.11362585
Mariana Alves,20050009,-22.9041842,-43.1767336
Gabrielly Pires,24230161,-22.9042257,-43.1054114
Kevin Silva,24230161,-22.9042257,-43.1054114
Lucas Gabriel Barbosa,24241000,-22.9042451,-43.092225
Ágatha da Paz,24230101,-22.904252566666667,-43.109620166666666
Kamilly Cavalcante,24230001,-22.904265416666664,-43.11753438333333
Elisa Brito,24210445,-22.9043064,-43.1214426
Davi Luiz Peixoto,20221901,-22.9043507,-43.1922062
Maya Guerra,20221901,-22.9043507,-43.1922062
Maria Vitória Camargo,20010020,-22.90435872666667,-43.17525085333334
Sophie da Mata,24220300,-22.90445124,-43.1032389
Mariane Pastor,24220300,-22.90445124,-43.1032389
Ana Clara Rios,24220300,-22.90445124,-43.1032389
Luan Machado,20941070,-22.9047221,-43.2169828
Melina Barbosa,24230010,-22.9047454,-43.114126075
Liz Vasconcelos,24230102,-22.9049005,-43.1088732
Maya da Cruz,24230323,-22.9049611,-43.095854
Asafe da Paz,24230062,-22.905114966666662,-43.112636
Augusto Vieira,24220390,-22.9051315,-43.0993263
João Gabriel Melo,20950200,-22.9052333,-43.2559459
Sofia da Rosa,24210400,-22.9052415625,-43.1242543375
Ana Luiza Costela,24220080,-22.90541655,-43.1097158
Josué Dias,24220211,-22.90543015,-43.110349225
Aurora Barros,24230003,-22.9055125,-43.113998
Ana Garcia,20040006,-22.9059481,-43.1771734
Alexandre Alves,24220091,-22.9059899,-43.1074962
Antonella Jesus,24210346,-22.9060556,-43.1329588
Nicolas Sampaio,20220310,-22.9061384,-43.2106858
Maria Clara Azevedo,20720320,-22.9066158,-43.2921944
Ana Julia Sá,23050102,-22.90665325,-43.5661273
Maria Vitória Silva,20040000,-22.9070031,-43.1764938
Gael da Cruz,20030080,-22.907047166666665,-43.17432743333333
Ravi Lucca da Cruz,24230063,-22.907120275,-43.110489775
Paulo Vieira,20230210,-22.907398466666667,-43.19314666666667
Vitor Cassiano,20230210,-22.907398466666667,-43.19314666666667
Kaique Rezende,20030001,-22.9076229,-43.174629
Thiago Sales,20941370,-22.907827266666665,-43.23300033333333
Laís Leão,20723230,-22.9078875,-43.2884345
Arthur Vieira,23052510,-22.9081303,-43.5455758
Isadora Leão,20250200,-22.9081784,-43.2374403
Eduarda Guerra,24230250,-22.9084875,-43.1048992
Elisa Cassiano,23015030,-22.9085735,-43.5338795
Brenda Peixoto,20211340,-22.9086544,-43.19151064
Gabriel Pires,21660001,-22.9087263,-43.1863766
Léo Monteiro,20231070,-22.9089301,-43.1836893
Ravy Pastor,20231070,-22.9089301,-43.1836893
Ryan Campos,20231070,-22.9089301,-43.1836893
Davi Miguel Pacheco,23059220,-22.9089625,-43.5843272
Ana Carolina Silveira,24230007,-22.9089704,-43.11051575
Júlia Campos,23045490,-22.9092536,-43.5608447
Emilly Marques,20211030,-22.90953051111111,-43.19071692222222
Heloisa Peixoto,24220121,-22.9095601,-43.1082486
João Vitor Alves,20031170,-22.90959627272727,-43.181687872727274
José Miguel Guerra,24220120,-22.9096963,-43.1088533
Carolina Lopes,24220120,-22.9096963,-43.1088533
Vitória Andrade,20710190,-22.90980705,-43.27297155
Maria Alice Gomes,23580250,-22.9098115,-43.623401
Luiz Fernando Duarte,20270150,-22.9098928,-43.2129559
Erick Vargas,20231043,-22.90994035,-43.18536165
Felipe da Cruz,23045055,-22.91004075,-43.56522495
Marina Pereira,20720294,-22.9101511,-43.2871612
Antonella Martins,20030021,-22.9101741,-43.1726063
Yasmin Siqueira,24230550,-22.9102176,-43.1044573
Daniel Cassiano,24230550,-22.9102176,-43.1044573
Eduarda Borges,24230550,-22.9102176,-43.1044573
Miguel Castro,20725231,-22.9102388,-43.2871703
Isabelly Mendonça,20725233,-22.9104626,-43.2874565
Hellena Fernandes,20031130,-22.91049785,-43.17658655
Calebe da Paz,20021060,-22.9106417,-43.1711211
Pedro Henrique Cirino,20230195,-22.9106471,-43.1914209
Ryan Andrade,20231044,-22.9106824,-43.1852965
Luiz Otávio Porto,20211140,-22.9107978,-43.20169805
Isabela Castro,20230070,-22.91084422857143,-43.18277965238096
Paulo Montenegro,20231006,-22.910926,-43.1905336
Luna Carvalho,20040917,-22.910934,-43.1751555
João Miguel Gomes,20031040,-22.911049714285713,-43.177835928571426
Maria Luísa Vargas,20230194,-22.911076819999998,-43.19129132
Luiz Felipe Rodrigues,20230194,-22.911076819999998,-43.19129132
Hellena Albuquerque,20230180,-22.911139375,-43.188277075
Clarice Melo,20271280,-22.9112306,-43.2172588
Pedro Henrique Camargo,20271280,-22.9112306,-43.2172588
Luiz Henrique Vieira,20231016,-22.911271619999997,-43.18678048
Nathan Mendes,20040009,-22.9114367,-43.17491115
Yuri da Paz,23060490,-22.911519,-43.61086703333333
Benjamin Teixeira,20271040,-22.9116749,-43.2198808
Otávio Garcia,24913730,-22.9116779,-42.8235927
João Pedro Fogaça,20231015,-22.9118464625,-43.183494025
Melissa Casa Grande,20231094,-22.912136,-43.18325638333333
Maria Cecília Peixoto,20230012,-22.912187175,-43.192672075
Luan Pinto,20230140,-22.912277633333336,-43.18356813333333
Julia Duarte,20230140,-22.912277633333336,-43.18356813333333
Maria Vitória Sampaio,20231046,-22.91234133636364,-43.18466636363636
Rafael Novaes,20271204,-22.9123712,-43.2252702
Matheus Cirino,20031120,-22.9123822,-43.1778981
Ágatha Cavalcante,20031120,-22.9123822,-43.1778981
Camila Aparecida,20230150,-22.91293831875,-43.18355345625
Natália Camargo,24943195,-22.913056,-42.9287623
Isabela Souza,20230024,-22.9131699,-43.1879338
Maysa Siqueira,20230024,-22.9131699,-43.1879338
Gabriel Ramos,20231091,-22.913284414285712,-43.18617645714286
Ana Carolina da Cruz,23045100,-22.913322,-43.5576668
Isaque Camargo,20021010,-22.9134654,-43.1590985
Maria Clara Rodrigues,22733003,-22.91362155,-43.36203475
Ayla Abreu,20230050,-22.914124425,-43.18837385
Arthur Miguel Pacheco,20231050,-22.914158666666665,-43.186750733333334
Maria Barbosa,20230010,-22.91417220909091,-43.18308772727273
Luana Brito,20725090,-22.9143542,-43.2835166
Ayla Souza,20021170,-22.91436795,-43.17890645
José Aragão,20021040,-22.9146165,-43.1766425
Cecilia Rodrigues,24943095,-22.9146852,-42.9281841
Antonella Fogaça,23016430,-22.9147268,-43.5404069
Benjamin Barros,22725442,-22.91480628,-43.38453976
Caleb Ferreira,24943190,-22.914931,-42.9308639
Allana Sousa,24360200,-22.91497195,-43.0873881
Alice Siqueira,20560130,-22.9151177,-43.2616396
Alice Fogaça,20560130,-22.9151177,-43.2616396
Enrico da Mata,22723427,-22.9155544,-43.3921309
Rafael Sousa,24943180,-22.9162866,-42.9301685
Liz Moraes,23045310,-22.916318,-43.5545629
Valentim Moraes,24901020,-22.9168754,-42.820954
Ravy Cavalcante,23555120,-22.917056640000002,-43.690368539999994
Pedro Miguel Cirino,22720400,-22.91725802051282,-43.386089755128204
Emanuella Moreira,24900760,-22.9174321,-42.815066
Brenda Nunes,22720000,-22.91798878928571,-43.38646102142857
Gabriel Jesus,22720000,-22.91798878928571,-43.38646102142857
Luiz Miguel das Neves,22720000,-22.91798878928571,-43.38646102142857
Maria Helena Vieira,20550070,-22.9180319,-43.2260085
Isabella Castro,20240192,-22.9181411,-43.1870361
Theo Moraes,22725421,-22.91835074,-43.37639808
Dom Monteiro,22725421,-22.91835074,-43.37639808
Maria Fernanda Moraes,22720380,-22.91841136,-43.38650388333333
Ana Porto,22730262,-22.91898858,-43.37558438
Alice Porto,22730261,-22.919154942857144,-43.37585491428571
Sophia Ramos,23510242,-22.9193747,-43.6793443
Theodoro Rocha,23515100,-22.9197025,-43.684988175
Lucas Gabriel Pires,20550000,-22.9199733,-43.2222855
João Felipe Aparecida,20550040,-22.92005605,-43.2265472
Luiza Costela,24360440,-22.920139,-43.0908462
Felipe Rios,24360440,-22.920139,-43.0908462
Otto Peixoto,24900735,-22.9203656,-42.8167945
Davi Miguel Camargo,20240193,-22.920473466666667,-43.18778756666667
João Cirino,20260141,-22.92066425,-43.2163069
Maria Alice Gonçalves,20241150,-22.9208606,-43.17902752222222
Zoe Gomes,20240290,-22.921199733333335,-43.18674543333333
Alícia Camargo,23057323,-22.9212595,-43.5991936
Kamilly da Paz,23510360,-22.92130945,-43.66651625
Joaquim Machado,23510360,-22.92130945,-43.66651625
Leandro Costela,22735000,-22.9213951,-43.3602388
Luiz Fernando Nascimento,22211120,-22.92159448,-43.1757159
Thomas Azevedo,20520051,-22.9219163,-43.2216965
Maria Helena Carvalho,22735015,-22.92235595,-43.36078235
Davi Lucca Porto,23042080,-22.9224297,-43.5531344
Maria Flor da Luz,23515126,-22.9225262,-43.6820524
Benicio da Conceição,23515126,-22.9225262,-43.6820524
Leonardo Guerra,23585812,-22.9237701,-43.6410822
Eduarda Ribeiro,22211150,-22.9240339625,-43.1760660375
Marina da Conceição,22740361,-22.9240465,-43.37183593333333
Giovanna da Cruz,22740361,-22.9240465,-43.37183593333333
Zoe Cassiano,22740361,-22.9240465,-43.37183593333333
Maria Julia Lopes,24370025,-22.9241739,-43.0930021
Miguel Pacheco,22713372,-22.92425475,-43.3809831
Ísis Teixeira,20560032,-22.92427635,-43.2493344
Thomas Azevedo,20520025,-22.924287,-43.231084
Pedro Miguel da Rocha,20561240,-22.9243754,-43.2578176
Yago Aragão,22710570,-22.924417,-43.37329045
Natália da Rosa,20520080,-22.924445,-43.226703
Sara Campos,22713375,-22.9252283,-43.3908258
Zoe Araújo,22713790,-22.9257616,-43.3874577
Nina Melo,22713790,-22.9257616,-43.3874577
Ana Júlia Novaes,22713790,-22.9257616,-43.3874577
Léo Souza,22745130,-22.9258881,-43.3161179
Luna Lima,24942395,-22.925943935714287,-42.841802307142856
Luiz Miguel Novaes,20511001,-22.9266154,-43.2390052
Arthur Miguel Cavalcanti,22743050,-22.926638375,-43.344730275
Luiza Borges,23042500,-22.927055,-43.5595672
Felipe Macedo,22210040,-22.92720105,-43.17527966666667
Elisa da Mota,22210040,-22.92720105,-43.17527966666667
Camila Nunes,22713760,-22.9273564,-43.3866784
Beatriz da Costa,22743051,-22.9276372,-43.3493993
Maria Sophia Carvalho,22713690,-22.9277366,-43.3871616
Alícia Camargo,22210050,-22.927923844,-43.175784789999994
Ravy Pimenta,24901420,-22.9282676,-42.8203503
Enzo Gabriel Borges,20261232,-22.9283625,-43.2085001
Ravy Costela,22713169,-22.9288265,-43.3933022
Nina Macedo,24350210,-22.929112,-43.0639624
Leandro Viana,24350210,-22.929112,-43.0639624
Lunna da Luz,22210030,-22.929916796,-43.174019656
Evelyn Moraes,22713070,-22.9299185,-43.3786761
Enzo Pereira,22220001,-22.929920822222222,-43.17744791111111
Olivia Sousa,20510180,-22.9308434,-43.23057035555556
Henry Gabriel Teixeira,20511270,-22.9313073,-43.2398086
Dante Barros,20511270,-22.9313073,-43.2398086
Luara Garcia,20510230,-22.931432083333334,-43.23654561666667
Marina Vieira,20510170,-22.9321891,-43.236989
Hellena Castro,20511400,-22.9325883,-43.2436978
Lorenzo Rezende,20511400,-22.9325883,-43.2436978
Yago Albuquerque,24370001,-22.9328495,-43.0974936
Ana Mendonça,20530002,-22.9336367625,-43.2413726625
Davi Miguel da Rocha,22240003,-22.93408035,-43.18668265
Maria Laura Novaes,22240003,-22.93408035,-43.18668265
Cauã Pimenta,24931000,-22.9341458,-42.8726375
Maya Gomes,24901880,-22.9345681,-42.825547
Matteo Costa,22710385,-22.9346535,-43.36916995
Raul Barros,22710385,-22.9346535,-43.36916995
Luiz Fernando Casa Grande,22240070,-22.934957585714287,-43.18703217142858
Lorena Cavalcante,24342835,-22.9353256,-43.0167024
Alexia Albuquerque,24342835,-22.9353256,-43.0167024
Caleb da Paz,22240004,-22.935757092857145,-43.18918154642857
Ryan Almeida,23520560,-22.9358178,-43.6364118
Bryan Pastor,20530050,-22.9359223,-43.2412601
Luna Marques,22231220,-22.936307185714288,-43.18481621428571
Benicio da Cruz,22240006,-22.9366703,-43.19062885
Vicente das Neves,24938440,-22.936881233333335,-42.97489423333333
Theodoro Fogaça,22230080,-22.9375829,-43.1785719
Nicolas Teixeira,24350310,-22.9376578,-43.0621114
Sara Cassiano,22250110,-22.938553733333336,-43.17550354444444
Levi Pimenta,20530420,-22.93863432,-43.25261972
Enrico Sales,24346040,-22.9386444,-43.0141707
Valentim Moura,22240005,-22.93871582857143,-43.19217271428571
Marcos Vinicius Brito,22250070,-22.9388361,-43.17437485
Nina Vasconcelos,23595330,-22.9393304,-43.6596199
Isabel Peixoto,23595330,-22.9393304,-43.6596199
Thales Teixeira,22710561,-22.939735933333335,-43.38287986666667
Giovanna Moraes,22710561,-22.939735933333335,-43.38287986666667
Gabrielly Cassiano,22241091,-22.93984225,-43.20159865
Beatriz Nunes,22241091,-22.93984225,-43.20159865
Maria Isis Ramos,22750008,-22.9400514,-43.3381478
Cecilia Sá,22750008,-22.9400514,-43.3381478
Camila Aparecida,22775780,-22.940992480000002,-43.37126984
Maria Vitória Novaes,22710520,-22.9415755,-43.3839501
Liz da Rocha,22231020,-22.9416928,-43.18120668
Arthur Miguel Freitas,22250020,-22.9419247,-43.17422658333333
Isabela Mendes,22250020,-22.941940983333335,-43.17420931666667
Stella Ferreira,22775790,-22.9419574,-43.3706145
Benício Mendes,22245100,-22.942045610526314,-43.192212189473686
Brenda Lima,22231040,-22.9422735375,-43.1822205
Marcela Leão,22710040,-22.94247507777778,-43.382559855555556
Daniel Gomes,22775600,-22.9425667,-43.3708741
Maitê Dias,22710191,-22.9430719,-43.3824552
Fernando da Conceição,22231050,-22.9431048,-43.1829855
Sarah Barros,22710190,-22.94329785,-43.38223514
Daniela das Neves,22763011,-22.9438013,-43.3567998
Joana Costela,24340045,-22.9438431,-43.0382271
Cecilia Fonseca,22750320,-22.9449838,-43.3378923
Maria Julia Vargas,22750320,-22.9449838,-43.3378923
Heloisa das Neves,22770334,-22.9453121,-43.3640449
Isabel Correia,22250200,-22.9453131,-43.18363245
Mariah Cavalcante,22251030,-22.945650133333334,-43.18667683333333
Brayan Melo,22251030,-22.945709566666665,-43.1867463
Arthur Miguel Cunha,22251060,-22.946196880000002,-43.1866627
Maria Cecília da Conceição,22260030,-22.9470571,-43.1875216
Allana Silva,22260080,-22.948303,-43.1884782
Maitê Cavalcante,22260020,-22.948315514285714,-43.18757715714286
Paulo Oliveira,22260020,-22.948315514285714,-43.18757715714286
Ravi Lucca Fernandes,22260150,-22.94945695,-43.193073
Henry Câmara,22290210,-22.949666475,-43.179013175
Allana Souza,22260004,-22.9497912,-43.19189935
Benício Rios,22290902,-22.95038085,-43.17660975
Yuri Ribeiro,22291060,-22.9505609,-43.167474
Pietro Abreu,22290190,-22.95142858,-43.1761492
Manuela Aparecida,22270070,-22.9519072,-43.1911786
Ana Julia Nogueira,22755145,-22.9520932,-43.3381771
Bryan Pacheco,22280040,-22.95245404,-43.18492398
Nina Fonseca,22281010,-22.9528442,-43.1945026
Heitor da Rosa,22270050,-22.952851033333335,-43.185675466666666
Emilly Mendonça,22290040,-22.953132055,-43.17761985
Ester da Rosa,22290040,-22.953132055,-43.17761985
Maria Flor Cavalcanti,22260210,-22.9531424,-43.196313
Ísis Campos,22290050,-22.9533332,-43.1785674
Renan Caldeira,20972280,-22.9533891,-43.1824116
Oliver Oliveira,22290010,-22.95370253,-43.18260347
Benicio Montenegro,22280020,-22.9537445,-43.188369525
Elisa Oliveira,24921736,-22.9538526,-42.7468243
André Souza,22290180,-22.954118033333334,-43.17368846666667
Davi Luiz Freitas,22290140,-22.95418555,-43.17638433571429
Diego Vargas,22271020,-22.9542740375,-43.19560695
Lorenzo Cassiano,22271020,-22.9542740375,-43.19560695
Luiz Otávio Moreira,22270020,-22.9543636,-43.1940818
Maria Eduarda Siqueira,21760770,-22.9544213,-43.1867693
Agatha Cassiano,22261040,-22.9547476,-43.1995878
Ana Vitória Leão,22280050,-22.9550216,-43.18564075
José Miguel Azevedo,21050250,-22.9551613,-43.1963782
Pietra Almeida,22290270,-22.955587825,-43.165347225
Luiz Miguel Freitas,22280004,-22.9556606,-43.1847271
Ester Novais,22290080,-22.9558392,-43.17968525
Davi Miguel Azevedo,22290080,-22.9558614,-43.1800164
Maria Fernanda Ribeiro,22280080,-22.95669775,-43.18469785
Vitor Carvalho,24346200,-22.9567546,-43.0294177
Benicio da Cruz,22271060,-22.95710835,-43.1981265
Asafe Garcia,22280120,-22.9571842,-43.1824953
Evelyn Fonseca,22280130,-22.9572573,-43.1818958
José Miguel Barbosa,22280110,-22.95725755,-43.18351075
Maitê Campos,22271080,-22.9579135,-43.1982719
Maria Luiza Fernandes,22271080,-22.9579135,-43.1982719
Gael Henrique Barbosa,22281090,-22.9582093,-43.1950881
Enzo Vargas,22261001,-22.958299275,-43.2009588
Juan da Rosa,24935530,-22.9584731,-42.9795216
Kevin Barbosa,22290130,-22.9595155,-43.1783974
Gael Novaes,24346000,-22.9598934,-43.0297586
Léo Sá,23032185,-22.9599942,-43.6470409
Luan Machado,22775114,-22.9609425,-43.3928156
Milena Costela,23946165,-22.9611773,-44.444304
Luísa Sales,22011020,-22.961886,-43.1758155
João Guilherme Nascimento,22461000,-22.96191698,-43.21337124
Maya Albuquerque,22461000,-22.96191698,-43.21337124
Anthony Sampaio,22461000,-22.96191698,-43.21337124
Emilly Cassiano,22460000,-22.9631546,-43.2121594
Jade Fonseca,22020010,-22.96320997272727,-43.176575945454545
Bianca da Conceição,24935410,-22.9640315,-42.9623453
Arthur Miguel Jesus,22020020,-22.964463,-43.1786908
Maria Júlia Castro,22470130,-22.9647676,-43.2161098
Esther Sousa,22460320,-22.96574815,-43.2377133
Rhavi Cavalcanti,24937225,-22.9658004,-43.0096429
Liam Pimenta,24937225,-22.9658004,-43.0096429
Eduarda Rezende,22785085,-22.9673843,-43.487131
Maitê Vasconcelos,22040010,-22.967794,-43.183061
Zoe Cavalcanti,22030002,-22.9679174,-43.1874509
Gabrielly Barbosa,28930000,-22.96796592352941,-42.03933280588235
Lara da Conceição,28930000,-22.96796592352941,-42.03933280588235
Emanuelly Aragão,24340005,-22.968642833333334,-43.04654396666667
Maria Eduarda da Luz,22040002,-22.96941994,-43.186442039999996
Larissa Alves,22040002,-22.96941994,-43.186442039999996
Emanuella Cavalcante,22775090,-22.969456166666667,-43.39009413333333
Maria Julia Ferreira,22040042,-22.9714166,-43.188815425
Clarice Souza,22780060,-22.9720116,-43.4101741
Allana Cirino,22050012,-22.97225405,-43.18647135
Marina Sá,22060002,-22.972493,-43.1877518
Arthur Pereira,22060002,-22.972493,-43.1877518
Raul Santos,22775040,-22.97321189090909,-43.39118039090909
Isis Siqueira,22060020,-22.9736187,-43.1900628
Lívia Novaes,22753737,-22.9742957,-43.33026103333333
Ana Lívia da Rocha,22753737,-22.9742957,-43.33026103333333
Caroline Lopes,22780160,-22.974387959999998,-43.40307154
Lorenzo Freitas,23032080,-22.9753701,-43.6403773
Maria Julia Barbosa,22753039,-22.9763368,-43.3323121
Maria Julia Nogueira,22451040,-22.9768502,-43.23053568571429
Daniela Marques,22430160,-22.9774267,-43.2238018
Pietra Peixoto,22785055,-22.977508525,-43.48035445
Ana Liz Brito,22783325,-22.9783351,-43.4622186
Laura Pires,22060040,-22.9800257,-43.190271
Mariane Cavalcanti,22071060,-22.9804086,-43.192184
Yuri Duarte,23587020,-22.9804261,-43.6135224
Sabrina Duarte,22775001,-22.9813111,-43.3676533
Maria Eduarda Souza,22440060,-22.982269,-43.2166017
Rafaela Araújo,22081010,-22.98240065,-43.1905333
Gael Ferreira,22081010,-22.98240065,-43.1905333
Stella Aparecida,22411000,-22.9831235,-43.20321815
Nicole da Rosa,22410050,-22.9832513,-43.211172
Thiago Brito,22410050,-22.9832513,-43.211172
Cecília Nogueira,22411001,-22.983506766666665,-43.199994133333334
Kaique Aparecida,22451262,-22.9837017,-43.24286055
Ravi da Rocha,22410002,-22.9837621875,-43.207868625
Alexandre Novaes,22440032,-22.9839322,-43.219396
Maysa Fogaça,22081025,-22.984417,-43.191885
Ísis Fonseca,22783025,-22.9844375,-43.4635772
Gael Silva,22071110,-22.9847783,-43.1951008
Davi Lucas Abreu,22450030,-22.984887,-43.2287321
Ágatha Castro,22411010,-22.984987633333333,-43.2029018
Nicolas Casa Grande,22411010,-22.984987633333333,-43.2029018
José Miguel Pereira,22450130,-22.985002,-43.2346387
Luna Fogaça,22440034,-22.9854087,-43.2260451
Matheus Souza,22070900,-22.9863049,-43.1890382
Yasmin Monteiro,22775002,-22.987136,-43.36777225
Maria Liz Pires,22775002,-22.987136,-43.36777225
Liam Borges,22753083,-22.9877914,-43.3217237
Thales Carvalho,22080046,-22.9880106,-43.19375835
Eloah Fogaça,22641440,-22.9883366,-43.3013796
Isabelly Araújo,22610210,-22.988416333333333,-43.27207863333333
Cecilia Moura,22776070,-22.9896779,-43.3513102
Mariana Fonseca,22753005,-22.9901434,-43.3219913
Vitória Viana,22451540,-22.9902157,-43.25231545
João Miguel Siqueira,22750005,-22.991086966666664,-43.32161733333333
Asafe Monteiro,22450260,-22.9923773,-43.2357347
Carolina Jesus,22610170,-22.9926284,-43.25073375
Levi Teixeira,22775900,-22.99274685,-43.36306675
Marcela Duarte,22775003,-22.99282195,-43.3637122
Calebe Peixoto,22610215,-22.9933689,-43.2720022
Maria Sophia Freitas,23914360,-22.993769266666664,-44.2374564
Ana Sophia Sá,23914360,-22.993769266666664,-44.2374564
Arthur Gabriel da Paz,23914360,-22.993769266666664,-44.2374564
Ester Pimenta,23020722,-22.9953948,-43.617119
Nathan Alves,23020722,-22.9953948,-43.617119
Ana Júlia Rios,22610250,-22.9965719,-43.2693256
Henrique Mendes,22610240,-22.9968757,-43.268838
Bella Pastor,22610360,-22.9968961,-43.2745054
Caleb das Neves,23025110,-22.9977114,-43.6279093
Thiago Nogueira,22640102,-22.9983149,-43.353389944444444
Rael Novais,22640101,-22.9984979,-43.3313461
Ayla Aparecida,22610150,-22.9985469,-43.2727495
Eloah Siqueira,22640352,-23.0016979,-43.3085618
Manuela Sá,22641002,-23.0021236,-43.3052069
Otávio Silveira,23906805,-23.0028307,-44.3039895
Levi Montenegro,22793921,-23.0030419,-43.3823104
Augusto da Cruz,22640032,-23.0035094,-43.3131105
Luiz Fernando Jesus,22793912,-23.0035589,-43.3828641
Danilo Silva,22631000,-23.0042145,-43.3235725
João Guilherme Sales,22793910,-23.0042292,-43.3825601
Pedro Lucas Montenegro,22631470,-23.0045946,-43.32781693333333
Oliver Lima,22640040,-23.00553925,-43.3134386
Luara Nascimento,23910670,-23.0064717,-44.2914883
Henry Gabriel Costela,22631052,-23.0064948,-43.3591294
Davi Luiz Sousa,23900620,-23.006770466666666,-44.3139341
Isabela Casa Grande,23032050,-23.007613566666667,-43.55793283333333
Letícia Pacheco,22640010,-23.008222775,-43.3046168
Mateus Carvalho,22790790,-23.0093005,-43.43730295
Lunna Oliveira,22793909,-23.00932915,-43.36824685
Vinícius Pimenta,22795245,-23.0096024,-43.3683628
Renan Cassiano,22630013,-23.0098685,-43.3648463
Julia Dias,22621180,-23.0106983,-43.30784126666667
Larissa Casa Grande,22621180,-23.0106983,-43.30784126666667
Yan Pires,22790280,-23.0119648,-43.4534312
Lorena Almeida,22795006,-23.013539966666666,-43.3862099
Thomas Leão,23909900,-23.0136383,-44.3302121
Léo Moreira,22790381,-23.0146736,-43.464310225
Vitória Cassiano,22790664,-23.01487935,-43.4738335
